model,learningRate,units,layers,error,accuracy
1,0.01,10,2,1.1308471866498,46.818181818182
2,0.01,10,1,1.1202652595703,49.147727272727
3,0.01,50,1,1.1161683035358,50.113636363636
4,0.01,150,1,1.113379839254,47.443181818182